,user.login
0,revans2
1,sameerz
2,ttnghia
3,jlowe
4,razajafri
5,sinkinben
6,wbo4958
7,andygrove
8,rwlee
9,mythrocks
10,tgravescs
11,abellina
12,shazraz
13,pococito
14,kuhushukla
15,pxLi
16,nartal1
17,gourav-sg
18,mgzhao
19,JustPlay
20,harrism
21,firestarman
22,coderyangyangyang
23,himanshu007-creator
24,mattahrens
25,gerashegalov
26,neoaksa
27,GaryShen2008
28,Salonijain27
29,sperlingxx
30,nvdbaranec
31,NVnavkumar
32,zhanga5
33,res-life
34,anthony-chang
35,HaoYang670
36,wjxiz1992
37,viadea
38,YeahNew
39,amahussein
40,jbrennan333
41,phish3y
42,NvTimLiu
43,trivialfis
44,SidWeng
45,cfangplus
46,Akshay-Venkatesh
47,WeichenXu123
48,eordentlich
49,ilaychen
50,nvliyuan
51,PointKernel
52,davidwendt
53,mtsol
54,kevnzhao
55,cindyyuanjiang
56,thirtiseven
57,vuule
58,Sweetdevil144
59,shivamxsurya
60,Nikhilpa1
61,parthosa
62,GregoryKimball
63,winningsix
64,wence-
65,rongou
66,liurenjie1024
67,SurajAralihalli
68,raven-biscocho-HH
69,binmahone
70,zhanglistar
71,waitinfuture
72,Feng-Jiang28
